Feature;Accuracy;True_positives;False_positives;True_negatives;False_negatives;Precision;Recall;FScore;;Name;
adjpred_041;0.84;1;0;83;16;1.0;0.058823529411764705;0.1111111111111111;;Axel;
coordnonp_065;0.946524064171123;1;1;176;9;0.5;0.1;0.16666666666666669;;Axel;
lengthening_206;0.9528377298161471;7;56;1188;0;0.1111111111111111;1.0;0.19999999999999998;;Axel;
interlink_203;0.9632294164668266;6;46;1199;0;0.11538461538461539;1.0;0.20689655172413793;;Leyla;
gerund_015;0.9146341463414634;2;6;148;8;0.25;0.2;0.22222222222222224;;Leyla;
thatdel_060;0.8925619834710744;2;4;107;8;0.3333333333333333;0.2;0.25;;Leyla;
coordphras_064;0.9310344827586207;3;1;105;7;0.75;0.3;0.4285714285714285;;Leyla;
vpresentpart_025;0.9828326180257511;3;2;455;6;0.6;0.3333333333333333;0.42857142857142855;;Yilin;
vpastwhiz_027;0.9868766404199475;4;3;749;6;0.5714285714285714;0.4;0.47058823529411764;;Yilin;
caps_204;0.9138576779026217;10;21;236;0;0.3225806451612903;1.0;0.4878048780487805;;Yilin;
thatreobj_030;0.9941804073714839;3;1;1022;5;0.75;0.375;0.5;;Yilin;
vpresentwhiz_028;0.9907550077041603;4;0;639;6;1.0;0.4;0.5714285714285715;;Hanna;
advsubother_038;0.9951219512195122;2;0;610;3;1.0;0.4;0.5714285714285715;;Hanna;
whreobj_032;0.9944044764188649;5;7;1239;0;0.4166666666666667;1.0;0.5882352941176471;;Hanna;
vpastperfect_002b;0.9976689976689976;3;3;1709;1;0.5;0.75;0.6;;;
thatresub_029;0.9793103448275862;5;1;279;5;0.8333333333333334;0.5;0.625;;;
vimperative_205;0.9411764705882353;8;7;136;2;0.5333333333333333;0.8;0.64;;;
whresub_031;0.9821428571428571;4;0;216;4;1.0;0.5;0.6666666666666666;;;
vsplitinf_062;0.9984012789768185;2;0;1247;2;1.0;0.5;0.6666666666666666;;;
vinfinitive_024;0.64;25;24;50;1;0.5102040816326531;0.9615384615384616;0.6666666666666667;;;
strandprep_061;0.986627043090639;10;6;654;3;0.625;0.7692307692307693;0.6896551724137931;;;
comparatives_syn_212;0.9766355140186916;10;9;409;0;0.5263157894736842;1.0;0.6896551724137931;;;
hedges_047;0.99235807860262;7;3;903;3;0.7;0.7;0.7;;;
sentencere_034;0.9960031974420464;6;1;1240;4;0.8571428571428571;0.6;0.7058823529411764;;;
nominalis_014;0.96;5;4;91;0;0.5555555555555556;1.0;0.7142857142857143;;;
passby_018;0.9922027290448343;5;0;504;4;1.0;0.5555555555555556;0.7142857142857143;;;
pverbdo_012;0.9932157394843962;7;0;725;5;1.0;0.5833333333333334;0.7368421052631579;;;
comparatives_ana_214;0.996802557953637;6;1;1241;3;0.8571428571428571;0.6666666666666666;0.75;;;
vpast_001;0.9243697478991597;9;4;104;2;0.6923076923076923;0.8181818181818182;0.7500000000000001;;;
superlatives_syn_213;0.9870848708487084;10;6;526;0;0.625;1.0;0.7692307692307693;;;
prodemons_010;0.9532710280373832;9;4;93;1;0.6923076923076923;0.9;0.7826086956521738;;;
adjattr_040;0.66;36;17;45;2;0.6792452830188679;0.9473684210526315;0.7912087912087911;;;
mainvbe_019;0.87;20;1;70;9;0.9523809523809523;0.6896551724137931;0.7999999999999999;;;
advtime_durfreq_005b;0.9880382775119617;10;5;403;0;0.6666666666666666;1.0;0.8;;;
advsubconc_036;0.9954699886749717;8;2;871;2;0.8;0.8;0.8000000000000002;;;
superlatives_ana_215;0.9976019184652278;4;1;1245;1;0.8;0.8;0.8000000000000002;;;
passagentl_017;0.968;9;3;112;1;0.75;0.9;0.8181818181818182;;;
conjuncts_045;0.993421052631579;9;3;595;1;0.75;0.9;0.8181818181818182;;;
downtoners_046;0.9941262848751835;9;3;668;1;0.75;0.9;0.8181818181818182;;;
modalsness_053;0.9928057553956835;9;3;543;1;0.75;0.9;0.8181818181818182;;;
negsyn_066;0.994140625;7;0;502;3;1.0;0.7;0.8235294117647058;;;
vpresperfect_002a;0.9790794979079498;10;3;225;1;0.7692307692307693;0.9090909090909091;0.8333333333333333;;;
discpart_050;0.9929906542056075;8;1;417;2;0.8888888888888888;0.8;0.8421052631578948;;;
reddit_vocab_216;0.9900332225913622;8;1;290;2;0.8888888888888888;0.8;0.8421052631578948;;;
vprogressive_217;0.95;9;0;88;3;1.0;0.75;0.8571428571428571;;;
vsplitaux_063;0.9807692307692307;9;2;144;1;0.8181818181818182;0.9;0.8571428571428572;;;
prepositions_039;0.71;45;13;41;1;0.7758620689655172;0.9782608695652174;0.8653846153846154;;;
adverbs_042;0.78;33;9;57;1;0.7857142857142857;0.9705882352941176;0.8684210526315789;;;
vpresent_003;0.58;59;1;26;14;0.9833333333333333;0.8082191780821918;0.8872180451127819;;;
advsubcause_035;0.9957894736842106;8;0;465;2;1.0;0.8;0.888888888888889;;;
emoticons_207;0.9955849889624724;8;0;443;2;1.0;0.8;0.888888888888889;;;
modalsposs_052;0.97;13;1;84;2;0.9285714285714286;0.8666666666666667;0.896551724137931;;;
advtime_position_005a;0.9887640449438202;9;1;167;1;0.9;0.9;0.9;;;
amplifiers_048;0.9947780678851175;11;2;370;0;0.8461538461538461;1.0;0.9166666666666666;;;
vprivate_056;0.97;14;2;84;0;0.875;1.0;0.9333333333333333;;;
negana_067;0.98;14;0;84;2;1.0;0.875;0.9333333333333333;;;
demonstr_051;0.9907834101382489;15;0;200;2;1.0;0.8823529411764706;0.9375;;;
exthere_020;0.9976019184652278;9;0;407;1;1.0;0.9;0.9473684210526316;;;
modalspred_054;0.99;10;0;89;1;1.0;0.9090909090909091;0.9523809523809523;;;
vpublic_055;0.9915966386554622;10;1;108;0;0.9090909090909091;1.0;0.9523809523809523;;;
vsuasive_057;0.9967213114754099;10;1;294;0;0.9090909090909091;1.0;0.9523809523809523;;;
contractions_059;0.97;20;0;78;2;1.0;0.9090909090909091;0.9523809523809523;;;
profirpers_006;0.98;27;2;71;0;0.9310344827586207;1.0;0.9642857142857143;;;
proit_009;0.99;15;1;84;0;0.9375;1.0;0.967741935483871;;;
advplace_004;1.0;2;0;98;0;1.0;1.0;1.0;;;
prosecpers_007;1.0;13;0;87;0;1.0;1.0;1.0;;;
prothirdper_008;0.98;16;0;84;0;1.0;1.0;1.0;;;
nouns_016;0.7;88;0;12;0;1.0;1.0;1.0;;;
advsubcond_037;1.0;10;0;199;0;1.0;1.0;1.0;;;
vseemappear_058;1.0;8;0;657;0;1.0;1.0;1.0;;;
hashtag_201;1.0;3;0;1248;0;1.0;1.0;1.0;;;
question_208;1.0;10;0;93;0;1.0;1.0;1.0;;;
exclamation_209;1.0;10;0;144;0;1.0;1.0;1.0;;;
proindef_011;0.9173553719008265;0;0;111;10;xxx;xxx;xxx;;Rafa;
whquest_013;0.9586776859504132;0;0;232;10;xxx;xxx;xxx;;Rafa;
thatvcom_021;0.9608695652173913;0;0;221;9;xxx;xxx;xxx;;Rafa;
thatacom_022;0.996802557953637;0;0;1247;4;xxx;xxx;xxx;;Rafa;
whclause_023;0.9481865284974094;0;0;183;10;xxx;xxx;xxx;;Gustavo;
vpastpart_026;0.9944044764188649;0;7;1244;0;xxx;xxx;xxx;;Gustavo;
whrepied_033;0.9992006394884093;0;1;1250;0;xxx;xxx;xxx;;Gustavo;
link_202;0.9675324675324676;0;0;298;10;xxx;xxx;xxx;;Gustavo;
