vpast_001	0.907563025210084
vpresperfect_002a	0.9832635983263598
vpastperfect_002b	0.997086247086247
vpresent_003	0.53
advplace_004	0.97
advtime_position_005a	0.9831460674157303
advtime_durfreq_005b	0.9880382775119617
profirpers_006	0.8
prosecpers_007	1.0
prothirdper_008	0.98
proit_009	0.99
prodemons_010	0.8785046728971962
proindef_011	0.9173553719008265
pverbdo_012	0.9877883310719131
whquest_013	0.9586776859504132
nominalis_014	0.96
gerund_015	0.8780487804878049
nouns_016	0.45
passagentl_017	0.968
passby_018	0.9902534113060428
mainvbe_019	0.78
exthere_020	0.9952038369304557
thatvcom_021	0.9608695652173913
thatacom_022	0.996802557953637
whclause_023	0.9481865284974094
vinfinitive_024	0.65
vpresentpart_025	0.9785407725321889
vpastpart_026	0.9944044764188649
vpastwhiz_027	0.989501312335958
vpresentwhiz_028	0.9861325115562404
thatresub_029	0.9793103448275862
thatreobj_030	0.9922405431619786
whresub_031	0.9821428571428571
whreobj_032	0.9936051159072742
whrepied_033	0.9984012789768185
sentencere_034	0.9928057553956835
advsubcause_035	0.9957894736842106
advsubconc_036	0.9966024915062288
advsubcond_037	0.9521531100478469
advsubother_038	0.9853658536585366
prepositions_039	0.7
adjattr_040	0.59
adjpred_041	0.83
adverbs_042	0.77
conjuncts_045	0.9868421052631579
downtoners_046	0.9926578560939795
hedges_047	0.9890829694323144
amplifiers_048	0.9921671018276762
discpart_050	0.9766355140186916
demonstr_051	0.8847926267281107
modalsposs_052	0.97
modalsness_053	0.9928057553956835
modalspred_054	0.98
vpublic_055	0.9915966386554622
vprivate_056	0.96
vsuasive_057	0.9934426229508196
vseemappear_058	1.0
contractions_059	0.98
thatdel_060	0.8842975206611571
strandprep_061	0.9687964338781575
vsplitinf_062	0.9984012789768185
vsplitaux_063	0.9743589743589743
coordphras_064	0.9224137931034483
coordnonp_065	0.9358288770053476
negsyn_066	0.99609375
negana_067	0.98
hashtag_201	0.9976019184652278
link_202	0.9675324675324676
interlink_203	0.9952038369304557
caps_204	0.9625468164794008
vimperative_205	0.934640522875817
lengthening_206	0.9944044764188649
emoticons_207	0.977924944812362
question_208	0.9029126213592233
exclamation_209	0.935064935064935
comparatives_syn_212	0.9719626168224299
superlatives_syn_213	0.974169741697417
comparatives_ana_214	0.9960031974420464
superlatives_ana_215	0.996802557953637
reddit_vocab_216	0.9667774086378738
vprogressive_217	0.95
